province,city,details
전라남도,나주시,왕곡면
전라남도,나주시,노안면
전라남도,나주시,운곡동
전라남도,나주시,산포면
전라남도,나주시,남평읍
전라남도,나주시,다시면
전라남도,나주시,문평면
전라남도,나주시,금천면
전라남도,나주시,공산면
전라남도,나주시,평산동
전라남도,나주시,청동
전라남도,나주시,동강면
전라남도,나주시,세지면
전라남도,영암군,군서면
전라남도,영암군,서호면
전라남도,영암군,신북면
전라남도,영암군,덕진면
전라남도,영암군,도포면
전라남도,영암군,삼호읍
전라남도,영암군,학산면
전라남도,영암군,영암읍
전라남도,영암군,시종면
전라남도,영암군,미암면
전라남도,영암군,금정면
전라남도,완도군,완도읍
전라남도,완도군,고금면
전라남도,완도군,군외면
전라남도,완도군,소안면
전라남도,완도군,약산면
전라남도,완도군,청산면
전라남도,완도군,노화읍
전라남도,완도군,보길면
전라남도,완도군,신지면
전라남도,강진군,신전면
전라남도,강진군,병영면
전라남도,강진군,강진읍
전라남도,강진군,군동면
전라남도,강진군,도암면
전라남도,강진군,작천면
전라남도,강진군,마량면
전라남도,강진군,대구면
전라남도,강진군,칠량면
전라남도,강진군,옴천면
전라남도,강진군,성전면
전라남도,보성군,보성읍
전라남도,보성군,복내면
전라남도,보성군,문덕면
전라남도,보성군,겸백면
전라남도,보성군,노동면
전라남도,보성군,회천면
전라남도,보성군,벌교읍
전라남도,보성군,조성면
전라남도,보성군,득량면
전라남도,보성군,미력면
전라남도,보성군,율어면
전라남도,보성군,웅치면
전라남도,순천시,해룡면
전라남도,순천시,상사면
전라남도,순천시,서면
전라남도,순천시,주암면
전라남도,순천시,외서면
전라남도,순천시,별량면
전라남도,순천시,승주읍
전라남도,순천시,교량동
전라남도,순천시,송광면
전라남도,순천시,월등면
전라남도,순천시,황전면
전라남도,순천시,낙안면
전라남도,순천시,석현동
전라남도,순천시,삼거동
전라남도,장흥군,유치면
전라남도,장흥군,용산면
전라남도,장흥군,회진면
전라남도,장흥군,관산읍
전라남도,장흥군,장흥읍
전라남도,장흥군,장동면
전라남도,장흥군,전라남도
전라남도,장흥군,대덕읍
전라남도,장흥군,안양면
전라남도,장흥군,장평면
전라남도,장흥군,부산면
전라남도,고흥군,점암면
전라남도,고흥군,남양면
전라남도,고흥군,과역면
전라남도,고흥군,동강면
전라남도,고흥군,두원면
전라남도,고흥군,도양읍
전라남도,고흥군,도덕면
전라남도,고흥군,금산면
전라남도,고흥군,고흥읍
전라남도,고흥군,대서면
전라남도,고흥군,풍양면
전라남도,고흥군,도화면
전라남도,고흥군,영남면
전라남도,고흥군,봉래면
전라남도,고흥군,포두면
전라남도,담양군,대덕면
전라남도,담양군,월산면
전라남도,담양군,대전면
전라남도,담양군,무정면
전라남도,담양군,용면
전라남도,담양군,담양읍
전라남도,담양군,금성면
전라남도,담양군,창평면
전라남도,담양군,고서면
전라남도,담양군,수북면
전라남도,광양시,죽천리
전라남도,광양시,황길동
전라남도,광양시,송금리
전라남도,광양시,도이동
전라남도,광양시,신원리
전라남도,광양시,사곡리
전라남도,광양시,마룡리
전라남도,광양시,용강리
전라남도,광양시,목성리
전라남도,광양시,황죽리
전라남도,광양시,광영동
전라남도,광양시,대죽리
전라남도,광양시,구산리
전라남도,광양시,우산리
전라남도,광양시,오사리
전라남도,광양시,신아리
전라남도,광양시,덕례리
전라남도,광양시,초남리
전라남도,광양시,구서리
전라남도,광양시,율천리
전라남도,광양시,석사리
전라남도,광양시,진정리
전라남도,광양시,금이리
전라남도,광양시,청암리
전라남도,광양시,운평리
전라남도,광양시,선소리
전라남도,광양시,세풍리
전라남도,광양시,신금리
전라남도,광양시,망덕리
전라남도,광양시,성황동
전라남도,광양시,동곡리
전라남도,광양시,죽림리
전라남도,광양시,원월리
전라남도,광양시,부저리
전라남도,광양시,묵백리
전라남도,광양시,장동리
전라남도,광양시,신구리
전라남도,광양시,인동리
전라남도,광양시,월길리
전라남도,광양시,칠성리
전라남도,광양시,수평리
전라남도,광양시,인서리
전라남도,광양시,봉당리
전라남도,광양시,비평리
전라남도,광양시,섬거리
전라남도,광양시,운곡리
전라남도,광양시,고사리
전라남도,광양시,지원리
전라남도,광양시,도사리
전라남도,광양시,조령리
전라남도,광양시,신룡리
전라남도,광양시,금천리
전라남도,광양시,차사리
전라남도,광양시,읍내리
전라남도,광양시,어치리
전라남도,광양시,도월리
전라남도,광양시,용곡리
전라남도,광양시,태인동
전라남도,광양시,익신리
전라남도,광양시,마동
전라남도,광양시,중동
전라남도,광양시,지곡리
전라남도,광양시,하천리
전라남도,광양시,황금동
전라남도,광양시,산남리
전라남도,광양시,중군동
전라남도,광양시,선유리
전라남도,광양시,추산리
전라남도,광양시,옥룡면
전라남도,광양시,칠성리264
전라남도,신안군,지도읍
전라남도,신안군,증도면
전라남도,신안군,임자면
전라남도,신안군,압해읍
전라남도,신안군,자은면
전라남도,신안군,암태면
전라남도,신안군,팔금면
전라남도,신안군,안좌면
전라남도,신안군,비금면
전라남도,신안군,도초면
전라남도,신안군,흑산면
전라남도,신안군,하의면
전라남도,신안군,신의면
전라남도,신안군,장산면
전라남도,진도군,진도읍
전라남도,진도군,군내면
전라남도,진도군,고군면
전라남도,진도군,의신면
전라남도,진도군,임회면
전라남도,진도군,지산면
전라남도,진도군,조도면
전라남도,여수시,돌산읍
전라남도,여수시,돌산업
전라남도,여수시,소라면
전라남도,여수시,율촌면
전라남도,여수시,화양면
전라남도,여수시,남면
전라남도,여수시,화정면
전라남도,여수시,삼산면
전라남도,여수시,월호동
전라남도,여수시,여서동
전라남도,여수시,문수동
전라남도,여수시,미평동
전라남도,여수시,둔덕동
전라남도,여수시,만덕동
전라남도,여수시,쌍봉동
전라남도,여수시,시전동
전라남도,여수시,여천동
전라남도,여수시,주삼동
전라남도,여수시,삼일동
전라남도,여수시,묘도동
전라남도,영광군,영광읍
전라남도,영광군,백수읍
전라남도,영광군,홍농읍
전라남도,영광군,대마면
전라남도,영광군,묘량면
전라남도,영광군,불갑면
전라남도,영광군,군서면
전라남도,영광군,군남면
전라남도,영광군,군남면
전라남도,영광군,염산면
전라남도,영광군,법성면
전라남도,구례군,구례읍
전라남도,구례군,문척면
전라남도,구례군,간전면
전라남도,구례군,토지면
전라남도,구례군,마산면
전라남도,구례군,광의면
전라남도,구례군,용방면
전라남도,구례군,산동면
전라남도,곡성군,곡성읍
전라남도,곡성군,오곡면
전라남도,곡성군,삼기면
전라남도,곡성군,석곡면
전라남도,곡성군,목사동면
전라남도,곡성군,죽곡면
전라남도,곡성군,고달면
전라남도,곡성군,옥과면
전라남도,곡성군,입면
전라남도,곡성군,겸면
전라남도,곡성군,오산면
전라남도,해남군,계곡면
전라남도,해남군,마산면
전라남도,해남군,문내면
전라남도,해남군,북일면
전라남도,해남군,북평면
전라남도,해남군,산이면
전라남도,해남군,삼산면
전라남도,해남군,송지면
전라남도,해남군,옥천면
전라남도,해남군,해남읍
전라남도,해남군,현산면
전라남도,해남군,화산면
전라남도,해남군,화원면
전라남도,해남군,황산면
