지역,마을
전라북도 전주시 화전동,곡천마을
전라북도 전주시 우아2동,공덕마을
전라북도 전주시 평화동3가,군자마을
전라북도 전주시 호성동,농은마을
전라북도 전주시 색장동,덕산마을
전라북도 전주시 삼천3동,만장마을
전라북도 전주시 조촌동,매암마을
전라북도 전주시 여의동,부동마을
전라북도 전주시 금상동,삼천마을
전라북도 전주시 호성동,신중마을
전라북도 전주시 상림동,안심마을
전라북도 전주시 호성동,오산마을
전라북도 전주시 우아동1가,왜망실마을
전라북도 전주시 삼천동,용산마을
전라북도 전주시 용정동,용신마을
전라북도 전주시 원동,원동마을
전라북도 전주시 색장동,원색명화마을
전라북도 전주시 평화2동,원석구마을
전라북도 전주시 전미동,월평마을
전라북도 전주시 원동,팔선동마을
전라북도 전주시 중인동,하봉마을
전라북도 전주시 평화2동,학전마을
전라북도 전주시 효자4동,한절마을
전라북도 전주시 호성동,화정마을
전라북도 전주시 삼천3동,황소마을
전라북도 김제시 진봉면,가실마을
전라북도 김제시 진봉면,갈전마을
전라북도 김제시 부량면,곁두리마을
전라북도 김제시 성덕면,고현마을
전라북도 김제시 광활면,광활권역마을
전라북도 김제시 금구면,구암마을
전라북도 김제시 백산면,궁지마을
전라북도 김제시 금구면,금천마을
전라북도 김제시 만경읍,남리마을
전라북도 김제시 황산면,남양3리마을
전라북도 김제시 성덕면,남포들녘마을
전라북도 김제시 죽산면,내촌(아리랑)마을
전라북도 김제시 봉남면,농원마을
전라북도 김제시 진봉면,다하마을
전라북도 김제시 금구면,당월마을
전라북도 김제시 성덕면,대석마을
전라북도 김제시 성덕면,라시마을
전라북도 김제시 용지면,마다리마을
전라북도 김제시 백구면,마전난산마을
전라북도 김제시 백구면,맥산마을
전라북도 김제시 만경읍,백련(주행산)마을
전라북도 김제시 부량면,벽골제마을
전라북도 김제시 금산면,산수마을
전라북도 김제시 금산면,상화마을
전라북도 김제시 공덕면,서리마을
전라북도 김제시 만경읍,소동마을
전라북도 김제시 공덕면,송산마을
전라북도 김제시 백구면,수룡귀지마을
전라북도 김제시 용지면,수하마을
전라북도 김제시 만경읍,신덕마을
전라북도 김제시 교월동,신월마을
전라북도 김제시 진봉면,심포드리마을
전라북도 김제시 금구면,양석마을
전라북도 김제시 금산면,어유마을
전라북도 김제시 백구면,역전마을
전라북도 김제시 백구면,오동촌마을
전라북도 김제시 백산면,옹기마을
전라북도 김제시 금구면,외갓집(사방)마을
전라북도 김제시 공덕면,외항마을
전라북도 김제시 광활면,용평마을
전라북도 김제시 금산면,월평마을
전라북도 김제시 금산면,율치마을
전라북도 김제시 백구면,율포마을
전라북도 김제시 백구면,장신마을
전라북도 김제시 교월동,죽절마을
전라북도 김제시 백산면,중상마을(수록골마을)
전라북도 김제시 백산면,중조마을(조수골마을)
전라북도 김제시 공덕면,중촌마을
전라북도 김제시 청하면,척산마을
전라북도 김제시 금산면,청도마을
전라북도 김제시 금산면,평지마을
전라북도 김제시 부량면,포교(단야)마을
전라북도 김제시 용지면,황토마을
전라북도 김제시 교월동,후신마을
전라북도 김제시 교월동,후장마을
전라북도 완주군 운주면,가척마을
전라북도 완주군 동상면,거인마을
전라북도 완주군 운주면,고산촌마을
전라북도 완주군 동상면,구수마을
전라북도 완주군 구이면,구암마을
전라북도 완주군 경천면,구재마을
전라북도 완주군 운주면,기동마을
전라북도 완주군 상관면,남관마을
전라북도 완주군 상관면,내야마을
전라북도 완주군 동상면,다자마을
전라북도 완주군 봉동읍,대복마을
전라북도 완주군 화산면,대서마을
전라북도 완주군 소양면,대승마을
전라북도 완주군 용진읍,덕암마을
전라북도 완주군 용진읍,도계마을
전라북도 완주군 용진읍,두억마을
전라북도 완주군 소양면,마수마을
전라북도 완주군 구이면,망산마을
전라북도 완주군 비봉면,명곡마을
전라북도 완주군 소양면,명덕마을
전라북도 완주군 비봉면,문장마을
전라북도 완주군 소양면,반곡마을
전라북도 완주군 동상면,밤티마을
전라북도 완주군 삼례읍,백두마을
전라북도 완주군 운주읍,백석마을
전라북도 완주군 봉동읍,봉강마을
전라북도 완주군 용진읍,봉계마을
전라북도 완주군 용진읍,부평마을
전라북도 완주군 삼례읍,비비정마을
전라북도 완주군 봉동읍,상구미마을
전라북도 완주군 고산면,상삼마을
전라북도 완주군 구이면,상하보마을
전라북도 완주군 구이면,상학마을
전라북도 완주군 화산면,상호마을
전라북도 완주군 용진읍,서계마을
전라북도 완주군 봉동읍,서두마을
전라북도 완주군 경천면,석장마을
전라북도 완주군 상관면,수월마을
전라북도 완주군 용진읍,순지마을
전라북도 완주군 용진읍,시천마을
전라북도 완주군 동상면,시평마을
전라북도 완주군 용진읍,신당마을
전라북도 완주군 용진읍,신봉마을
전라북도 완주군 고산면,신상마을
전라북도 완주군 구이면,신전마을
전라북도 완주군 구이면,안덕마을
전라북도 완주군 이서면,앵곡마을
전라북도 완주군 화산면,예곡마을
전라북도 완주군 경천면,오복마을(경천애인)
전라북도 완주군 소양면,오성마을
전라북도 완주군 운주읍,완창마을
전라북도 완주군 고산면,외율마을
전라북도 완주군 경천면,요동마을
전라북도 완주군 운주면,용계원마을
전라북도 완주군 용진읍,원간중마을
전라북도 완주군 구이면,원계곡마을
전라북도 완주군 운주읍,원고당마을
전라북도 완주군 봉동읍,원구만마을
전라북도 완주군 봉동읍,원구암마을
전라북도 완주군 동상면,원사봉마을
전라북도 완주군 봉동읍,원성덕마을
전라북도 완주군 경천면,원용복마을
전라북도 완주군 봉동읍,원용암마을
전라북도 완주군 구이면,원평촌마을
전라북도 완주군 소양면,위봉산성마을
전라북도 완주군 소양면,인덕마을
전라북도 완주군 소양면,일임마을
전라북도 완주군 삼례읍,정산마을
전라북도 완주군 봉동읍,제촌마을
전라북도 완주군 고산면,종암마을
전라북도 완주군 화산면,죽병마을
전라북도 완주군 고산면,창포마을
전라북도 완주군 비봉면,천호마을
전라북도 완주군 봉동읍,추동마을
전라북도 완주군 비봉면,평치마을
전라북도 완주군 이서면,하숙마을
전라북도 완주군 삼례읍,학동마을
전라북도 완주군 동상면,학동마을
전라북도 완주군 삼례읍,후와마을
전라북도 익산시 삼기면,검지(아홉마디풀향기)마을
전라북도 익산시 망성면,고산마을
전라북도 익산시 웅포면,고창마을
전라북도 익산시 여산면,관연마을
전라북도 익산시 삼기면,구정마을
전라북도 익산시 망성면,금지마을
전라북도 익산시 성당면,내난마을
전라북도 익산시 금마면,동편마을
전라북도 익산시 성당면,두동편백마을
전라북도 익산시 여산면,두여마을
전라북도 익산시 망성면,라암마을
전라북도 익산시 황등면,무동마을
전라북도 익산시 웅포면,붕새언덕(상제2)마을
전라북도 익산시 낭산면,상석마을
전라북도 익산시 함열읍,석치마을
전라북도 익산시 성당면,성당포구마을
전라북도 익산시 용안면,성치마을
전라북도 익산시 삼기면,소제마을
전라북도 익산시 웅포면,송천마을
전라북도 익산시 성당면,수산마을
전라북도 익산시 여산면,수은마을
전라북도 익산시 황등면,시남마을
전라북도 익산시 용안면,신은마을
전라북도 익산시 춘포면,신평마을
전라북도 익산시 함라면,아홉마디풀향기(소룡)마을
전라북도 익산시 망성면,어량마을
전라북도 익산시 여산면,연명마을
전라북도 익산시 왕궁면,연정마을
전라북도 익산시 오산면,연평마을
전라북도 익산시 오산면,옥포마을
전라북도 익산시 성당면,외두마을
전라북도 익산시 왕궁면,용남마을
전라북도 익산시 용안면,용머리고을
전라북도 익산시 웅포면,원대암마을
전라북도 익산시 여산면,원서두마을
전라북도 익산시 춘포면,원쌍정마을
전라북도 익산시 춘포면,원창명마을
전라북도 익산시 춘포면,입석마을
전라북도 익산시 성당면,장전마을
전라북도 익산시 삼기면,죽청마을
전라북도 익산시 성당면,중화마을
전라북도 익산시 석암동,추산마을
전라북도 익산시 삼기면,풀빛향기송정마을
전라북도 익산시 덕기동,하남마을
전라북도 익산시 성당면,하동마을
전라북도 익산시 망성면,하발마을
전라북도 익산시 춘포면,학연마을
전라북도 익산시 낭산면,호천마을
전라북도 익산시 성당면,회선마을
전라북도 정읍시 입암면,가리대마을
전라북도 정읍시 신태인읍,고산마을
전라북도 정읍시 산외면,공동마을
전라북도 정읍시 상교동,구계마을
전라북도 정읍시 장명동,구량마을
전라북도 정읍시 신태인읍,구사마을
전라북도 정읍시 산외면,구장마을
전라북도 정읍시 소성면,꽃두레행복마을
전라북도 정읍시 내장상동,내장산정보화마을
전라북도 정읍시 정우면,대정마을
전라북도 정읍시 감곡면,동곡마을
전라북도 정읍시 산외면,동서진마을
전라북도 정읍시 옹동면,매당마을
전라북도 정읍시 소성면,모촌마을
전라북도 정읍시 산외면,민하마을
전라북도 정읍시 입암면,반월마을
전라북도 정읍시 내장상동,백석마을
전라북도 정읍시 신태인읍,백연권역마을
전라북도 정읍시 산내면,백필마을
전라북도 정읍시 영원면,북풍마을
전라북도 정읍시 금붕동,붕래마을
전라북도 정읍시 산내면,사교마을
전라북도 정읍시 산내면,산호수(종성)마을
전라북도 정읍시 산외면,상두마을
전라북도 정읍시 덕천면,상학마을
전라북도 정읍시 태인면,샘들내마을
전라북도 정읍시 칠보면,세류마을
전라북도 정읍시 내장상동,솔티마을
전라북도 정읍시 산내면,수침동마을
전라북도 정읍시 감곡면,순촌마을
전라북도 정읍시 산내면,신기(십장생)마을
전라북도 정읍시 영원면,신기마을
전라북도 정읍시 입암면,신등마을
전라북도 정읍시 덕천면,신송마을
전라북도 정읍시 감곡면,신평마을
전라북도 정읍시 입암면,영안마을
전라북도 정읍시 산내면,옥정호청정정보화마을
전라북도 정읍시 소성면,용산마을
전라북도 정읍시 신태인읍,용서마을
전라북도 정읍시 태인면,원낙양마을
전라북도 정읍시 산외면,원바실마을
전라북도 정읍시 칠보면,원백암마을
전라북도 정읍시 영월동,월영마을
전라북도 정읍시 입암면,월천마을
전라북도 정읍시 산내면,자연동마을
전라북도 정읍시 용계동,정문마을
전라북도 정읍시 농소동,정문희망마을
전라북도 정읍시 상교동,조월마을
전라북도 정읍시 신태인읍,중앙마을
전라북도 정읍시 감곡면,진교마을
전라북도 정읍시 입암면,차단마을
전라북도 정읍시 신태인읍,천단마을
전라북도 정읍시 칠보면,태산선비마을
전라북도 정읍시 북면,평촌마을
전라북도 정읍시 감곡면,풍촌마을
전라북도 정읍시 내장상동,행정마을
전라북도 정읍시 상평동,향지마을
전라북도 정읍시 산내면,황토마을
전라북도 정읍시 내장상동,회룡마을
전라북도 정읍시 영원면,흔랑마을
전라북도 부안군 줄포면,각동마을
전라북도 부안군 행안면,검암마을
전라북도 부안군 계화면,계상마을
전라북도 부안군 계화면,계중마을
전라북도 부안군 계화면,계화섬마을
전라북도 부안군 행안면,궁안마을
전라북도 부안군 계화면,남돈마을
전라북도 부안군 계화면,대벌마을
전라북도 부안군 백산면,대수마을
전라북도 부안군 변산면,도청마을
전라북도 부안군 계화면,돈지2구마을
전라북도 부안군 상서면,동림마을
전라북도 부안군 하서면,등용마을
전라북도 부안군 변산면,마포마을
전라북도 부안군 변산면,모항마을
전라북도 부안군 변산면,묵정마을
전라북도 부안군 보안면,반평마을
전라북도 부안군 상서면,봉은마을
전라북도 부안군 부안읍,부정마을
전라북도 부안군 보안면,사랑감마을
전라북도 부안군 변산면,산기마을
전라북도 부안군 하서면,삼현마을
전라북도 부안군 계화면,서돈마을
전라북도 부안군 부안읍,석동마을
전라북도 부안군 부안읍,"석재,석하마을"
전라북도 부안군 하서면,소광마을
전라북도 부안군 백산면,소수마을
전라북도 부안군 상서면,수련마을
전라북도 부안군 하서면,수조마을
전라북도 부안군 부안읍,신흥마을
전라북도 부안군 계화면,양지마을
전라북도 부안군 부안읍,연곡마을
전라북도 부안군 줄포면,옹암마을
전라북도 부안군 진서면,왕포마을
전라북도 부안군 상서면,우덕마을
전라북도 부안군 보안면,우동마을
전라북도 부안군 변산면,우리밀권역
전라북도 부안군 보안면,우신마을
전라북도 부안군 진서면,운호마을
전라북도 부안군 진서면,원암마을
전라북도 부안군 변산면,유유마을
전라북도 부안군 주산면,인천마을
전라북도 부안군 동진면,장등마을
전라북도 부안군 하서면,장신마을
전라북도 부안군 동진면,제전마을
전라북도 부안군 계화면,조포4마을
전라북도 부안군 주산면,종산마을
전라북도 부안군 변산면,종암마을
전라북도 부안군 동진면,증산마을
전라북도 부안군 동진면,지비마을
전라북도 부안군 보안면,하입석마을
전라북도 부안군 변산면,합구마을
전라북도 부안군 상서면,회시마을
전라북도 부안군 부안읍,효동마을
전라북도 부안군 줄포면,후촌갈대숲마을
전라북도 고창군 공음면,갑촌마을
전라북도 고창군 상하면,강선달마을
전라북도 고창군 공음면,고사리마을
전라북도 고창군 신림면,고색창연마을
전라북도 고창군 고창읍,고인돌마을
전라북도 고창군 해리면,광승마을
전라북도 고창군 성내면,교동마을
전라북도 고창군 고창읍,교신마을
전라북도 고창군 공음면,구수마을
전라북도 고창군 아산면,구암마을
전라북도 고창군 심원면,궁산마을
전라북도 고창군 해리면,나산마을
전라북도 고창군 성내면,낙산마을
전라북도 고창군 대산면,남계마을
전라북도 고창군 해리면,남부마을
전라북도 고창군 아산면,남산마을
전라북도 고창군 성송면,남창마을
전라북도 고창군 신림면,내기마을
전라북도 고창군 고창읍,내동마을
전라북도 고창군 성송면,내원마을
전라북도 고창군 고창읍,노동마을
전라북도 고창군 흥덕면,노동마을
전라북도 고창군 심원면,도천마을
전라북도 고창군 상하면,동촌마을
전라북도 고창군 아산면,마명마을
전라북도 고창군 심원면,만돌마을
전라북도 고창군 고창읍,매산마을
전라북도 고창군 신림면,반룡마을
전라북도 고창군 아산면,반암마을
전라북도 고창군 신림면,법지마을(동법지)
전라북도 고창군 아산면,봉덕마을
전라북도 고창군 심원면,사등마을
전라북도 고창군 신림면,삼태마을
전라북도 고창군 대산면,상금마을
전라북도 고창군 고수면,상평마을
전라북도 고창군 상하면,서당마을
전라북도 고창군 공음면,선산마을
전라북도 고창군 상하면,섬포마을
전라북도 고창군 신림면,성기복분자마을
전라북도 고창군 상하면,송림마을
전라북도 고창군 고수면,신기마을
전라북도 고창군 신림면,신기마을
전라북도 고창군 흥덕면,신덕마을
전라북도 고창군 부안면,안현마을
전라북도 고창군 공음면,연동마을
전라북도 고창군 고수면,연동마을
전라북도 고창군 성내면,외옥마을
전라북도 고창군 대산면,용두마을
전라북도 고창군 부안면,용산마을
전라북도 고창군 아산면,원평(용계)마을
전라북도 고창군 해리면,월봉마을
전라북도 고창군 신림면,입전마을
전라북도 고창군 공음면,장동마을
전라북도 고창군 상하면,장호마을
전라북도 고창군 성내면,조동마을
전라북도 고창군 아산면,주진마을
전라북도 고창군 고창읍,죽림당촌마을
전라북도 고창군 고창읍,죽림마을
전라북도 고창군 아산면,죽산마을
전라북도 고창군 부안면,질마재마을
전라북도 고창군 대산면,차동마을
전라북도 고창군 공음면,창촌마을
전라북도 고창군 고창읍,하월마을
전라북도 고창군 심원면,하전리서전마을
전라북도 고창군 성내면,해평마을
전라북도 고창군 성송면,향산마을
전라북도 고창군 아산면,호암마을
전라북도 고창군 고창읍,화산마을
전라북도 순창군 인계면,가목마을
전라북도 순창군 동계면,가작마을
전라북도 순창군 복흥면,갈원마을
전라북도 순창군 복흥면,강두마을
전라북도 순창군 금과면,고례마을
전라북도 순창군 적성면,괴정마을
전라북도 순창군 동계면,구미(거북장수)마을
전라북도 순창군 순창읍,남산마을
전라북도 순창군 구림면,남정마을
전라북도 순창군 금과면,내동마을
전라북도 순창군 풍산면,대가마을
전라북도 순창군 풍산면,덕산마을
전라북도 순창군 풍산면,도치마을
전라북도 순창군 복흥면,동산마을
전라북도 순창군 복흥면,동서마을
전라북도 순창군 금과면,동전마을
전라북도 순창군 적성면,묘동마을
전라북도 순창군 순창읍,무수마을
전라북도 순창군 구림면,물통골마을(이암마을)
전라북도 순창군 쌍치면,방산마을
전라북도 순창군 금과면,방축마을
전라북도 순창군 구림면,방화마을
전라북도 순창군 순창읍,백산마을
전라북도 순창군 순창읍,복실마을
전라북도 순창군 쌍치면,부정마을
전라북도 순창군 복흥면,비석마을
전라북도 순창군 쌍치면,산내들(피노)마을
전라북도 순창군 구림면,산내마을(고추장익는마을)
전라북도 순창군 쌍치면,삼장마을
전라북도 순창군 복흥면,상송마을
전라북도 순창군 풍산면,상죽마을
전라북도 순창군 팔덕면,상죽마을
전라북도 순창군 복흥면,서지(외촘골)마을
전라북도 순창군 동계면,서호마을
전라북도 순창군 복흥면,석보마을
전라북도 순창군 쌍치면,석현마을
전라북도 순창군 인계면,세룡마을
전라북도 순창군 풍산면,소촌마을
전라북도 순창군 금과면,수양마을
전라북도 순창군 적성면,슬로공동체마을(지내마을)
전라북도 순창군 쌍치면,신도마을
전라북도 순창군 쌍치면,신촌마을
전라북도 순창군 인계면,쌍암마을
전라북도 순창군 풍산면,안곡마을
전라북도 순창군 구림면,안정마을
전라북도 순창군 유등면,오교마을
전라북도 순창군 쌍치면,오룡마을
전라북도 순창군 유등면,외이마을
전라북도 순창군 인계면,용암마을
전라북도 순창군 풍산면,우곡마을
전라북도 순창군 쌍치면,운암마을
전라북도 순창군 구림면,운항마을
전라북도 순창군 풍산면,유정마을
전라북도 순창군 동계면,이동마을
전라북도 순창군 복흥면,자포마을
전라북도 순창군 팔덕면,장안(도라지)마을
전라북도 순창군 동계면,장항마을
전라북도 순창군 팔덕면,전원마을
전라북도 순창군 순창읍,전통고추장마을(민속마을)
전라북도 순창군 쌍치면,종곡마을
전라북도 순창군 쌍치면,종암마을
전라북도 순창군 동계면,주월마을
전라북도 순창군 풍산면,죽전마을
전라북도 순창군 인계면,중산마을
전라북도 순창군 쌍치면,중안마을
전라북도 순창군 적성면,지북마을
전라북도 순창군 인계면,지산마을
전라북도 순창군 순창읍,창림마을
전라북도 순창군 팔덕면,태촌마을
전라북도 순창군 풍산면,하죽마을
전라북도 순창군 팔덕면,하죽마을
전라북도 순창군 유등면,학촌마을
전라북도 순창군 인계면,호계마을
전라북도 순창군 구림면,화암마을
전라북도 순창군 금과면,황토열매마을(일목마을)
전라북도 남원시 대강면,가덕마을
전라북도 남원시 도통동,갈치마을
전라북도 남원시 대강면,강석마을
전라북도 남원시 이백면,계산마을
전라북도 남원시 수지면,고정마을
전라북도 남원시 주천면,고촌마을
전라북도 남원시 아영면,구지마을
전라북도 남원시 운봉읍,권포마을
전라북도 남원시 주천면,내기마을
전라북도 남원시 향교동,내동마을
전라북도 남원시 산내면,내령마을
전라북도 남원시 주천면,내송마을
전라북도 남원시 사매면,노봉혼불문학마을
전라북도 남원시 산내면,달궁마을
전라북도 남원시 인월면,달오름마을
전라북도 남원시 주생면,대지마을
전라북도 남원시 덕과면,덕동마을
전라북도 남원시 운봉읍,동하마을
전라북도 남원시 송동면,두곡마을
전라북도 남원시 아영면,두락마을
전라북도 남원시 산동면,등구마을
전라북도 남원시 수지면,등동마을
전라북도 남원시 수지면,마륜마을
전라북도 남원시 산내면,매동마을
전라북도 남원시 아영면,매산마을
전라북도 남원시 운봉읍,매요마을
전라북도 남원시 금지면,매촌마을
전라북도 남원시 보절면,벌촌천황봉마을
전라북도 남원시 아영면,봉대마을
전라북도 남원시 산동면,부서마을
전라북도 남원시 송동면,부석마을
전라북도 남원시 산동면,부절마을
전라북도 남원시 덕과면,사곡마을
전라북도 남원시 인월면,사창마을
전라북도 남원시 보절면,사촌마을
전라북도 남원시 운봉읍,산덕마을
전라북도 남원시 사매면,상신마을
전라북도 남원시 산동면,상신마을
전라북도 남원시 수지면,서당마을
전라북도 남원시 인월면,서무마을
전라북도 남원시 아영면,서정마을
전라북도 남원시 산내면,선돌촌(입석)마을
전라북도 남원시 인월면,성내마을
전라북도 남원시 운봉읍,소석마을
전라북도 남원시 송동면,송내마을
전라북도 남원시 사매면,수동마을
전라북도 남원시 사매면,수월마을
전라북도 남원시 아영면,아곡마을
전라북도 남원시 송동면,안계마을
전라북도 남원시 보절면,안평마을
전라북도 남원시 주생면,영촌마을
전라북도 남원시 산내면,와운마을
전라북도 남원시 대산면,왈길마을
전라북도 남원시 인월면,외건마을
전라북도 남원시 주천면,외용궁마을
전라북도 남원시 아영면,외인마을
전라북도 남원시 보절면,외황마을
전라북도 남원시 이백면,요천다슬기마을
전라북도 남원시 덕과면,용산마을
전라북도 남원시 금지면,용전마을
전라북도 남원시 대산면,운교마을
전라북도 남원시 산내면,원천마을
전라북도 남원시 대산면,월계마을
전라북도 남원시 인월면,유곡마을
전라북도 남원시 주생면,유매마을
전라북도 남원시 아영면,율동마을
전라북도 남원시 아영면,의지마을(개암주마을)
전라북도 남원시 운봉읍,전촌(동편제)마을
전라북도 남원시 주생면,정충마을
전라북도 남원시 운봉읍,준향마을
전라북도 남원시 주생면,중동마을
전라북도 남원시 주천면,지리산나들락마을
전라북도 남원시 보절면,진목마을
전라북도 남원시 이백면,척동마을
전라북도 남원시 아영면,청계마을
전라북도 남원시 보절면,추어마을
전라북도 남원시 운봉읍,춘향(허브)마을
전라북도 남원시 대강면,평촌마을
전라북도 남원시 아영면,하성마을
전라북도 남원시 주천면,하송마을
전라북도 남원시 주천면,하주마을
전라북도 남원시 운봉읍,행정(서어숲)마을
전라북도 남원시 주천면,행정마을
전라북도 남원시 운봉읍,화신마을
전라북도 남원시 주천면,회덕마을
전라북도 남원시 이백면,효기마을
전라북도 남원시 아영면,흥부마을
전라북도 진안군 진안읍,가막마을
전라북도 진안군 성수면,가수마을
전라북도 진안군 부귀면,가정마을
전라북도 진안군 부귀면,가치마을
전라북도 진안군 정천면,갈두마을
전라북도 진안군 용담면,감동마을
전라북도 진안군 주천면,강촌마을
전라북도 진안군 진안읍,개실(개활곡)마을
전라북도 진안군 진안읍,개실마을
전라북도 진안군 주천면,개화마을
전라북도 진안군 진안읍,검북마을
전라북도 진안군 마령면,계남마을
전라북도 진안군 주천면,광석마을
전라북도 진안군 성수면,광음마을
전라북도 진안군 주천면,괴정마을
전라북도 진안군 안천면,괴정마을
전라북도 진안군 상전면,교동마을
전라북도 진안군 안천면,구곡마을
전라북도 진안군 안천면,구례마을
전라북도 진안군 주천면,구암마을
전라북도 진안군 부귀면,금계곡마을
전라북도 진안군 상전면,금당마을
전라북도 진안군 상전면,금지(배넘실)마을
전라북도 진안군 백운면,남퇴마을
전라북도 진안군 백운면,내봉마을
전라북도 진안군 상전면,내송마을
전라북도 진안군 진안읍,내오천마을
전라북도 진안군 동향면,내유마을
전라북도 진안군 성수면,내좌마을
전라북도 진안군 마령면,널티마을
전라북도 진안군 진안입,노계3마을
전라북도 진안군 용담면,노온마을
전라북도 진안군 안천면,노채마을
전라북도 진안군 동향면,능금학선마을
전라북도 진안군 부귀면,대곡마을
전라북도 진안군 진안읍,대광2동마을
전라북도 진안군 상전면,대구평마을
전라북도 진안군 마령면,대동마을
전라북도 진안군 진안읍,대성마을
전라북도 진안군 동향면,대야마을
전라북도 진안군 백운면,대유마을
전라북도 진안군 주천면,대촌마을
전라북도 진안군 안천면,도라마을
전라북도 진안군 백운면,동신마을
전라북도 진안군 백운면,동창마을
전라북도 진안군 백운면,두원마을
전라북도 진안군 마령면,마이산골마을
전라북도 진안군 정천면,마조마을
전라북도 진안군 정천면,무거마을
전라북도 진안군 백운면,무등마을
전라북도 진안군 진안읍,묵방(양지)마을
전라북도 진안군 용담면,문화마을
전라북도 진안군 상전면,문화마을
전라북도 진안군 부귀면,미곡마을
전라북도 진안군 백운면,미비마을
전라북도 진안군 주천면,미적마을
전라북도 진안군 성수면,반용마을
전라북도 진안군 부귀면,방각마을
전라북도 진안군 마령면,방화마을
전라북도 진안군 용담면,방화마을
전라북도 진안군 안천면,배실(상리)마을
전라북도 진안군 백운면,백운동마을
전라북도 진안군 백운면,번덕마을
전라북도 진안군 동향면,보촌마을
전라북도 진안군 안천면,보한마을
전라북도 진안군 동향면,봉곡마을
전라북도 진안군 주천면,봉소마을
전라북도 진안군 성수면,봉좌마을
전라북도 진안군 정천면,봉학마을
전라북도 진안군 진안읍,부곡마을
전라북도 진안군 부귀면,부암마을
전라북도 진안군 부귀면,부천마을
전라북도 진안군 마령면,사곡마을
전라북도 진안군 진안읍,사양마을
전라북도 진안군 진안읍,사인동마을
전라북도 진안군 성수면,산수동마을
전라북도 진안군 주천면,산제마을
전라북도 진안군 성수면,산주마을
전라북도 진안군 주천면,삼거마을
전라북도 진안군 부귀면,삼봉마을
전라북도 진안군 진안읍,상가막마을
전라북도 진안군 부귀면,상거석마을
전라북도 진안군 성수면,상기마을
전라북도 진안군 동향면,상노마을
전라북도 진안군 동향면,상능길마을
전라북도 진안군 백운면,상백마을
전라북도 진안군 백운면,상서마을
전라북도 진안군 주천면,상양명마을
전라북도 진안군 정천면,상조림마을
전라북도 진안군 정천면,상초마을
전라북도 진안군 진안읍,상평마을
전라북도 진안군 동향면,상향마을
전라북도 진안군 진안읍,새마을마을
전라북도 진안군 동향면,새울마을
전라북도 진안군 동향면,새울터마을
전라북도 진안군 마령면,서비산마을
전라북도 진안군 마령면,서산마을
전라북도 진안군 마령면,서촌마을
전라북도 진안군 부귀면,서판마을
전라북도 진안군 진안읍,석곡마을
전라북도 진안군 백운면,석무마을
전라북도 진안군 백운면,석전마을
전라북도 진안군 주천면,선암마을
전라북도 진안군 진안읍,선인마을
전라북도 진안군 동향면,섬계마을
전라북도 진안군 주천면,성암마을
전라북도 진안군 상전면,세동마을
전라북도 진안군 부귀면,소태정마을
전라북도 진안군 진안읍,소토실마을
전라북도 진안군 마령면,송내(솔안)마을
전라북도 진안군 정천면,수암(조포)마을
전라북도 진안군 용담면,수천마을
전라북도 진안군 동향면,수침마을
전라북도 진안군 안천면,시장마을
전라북도 진안군 부귀면,신거석마을
전라북도 진안군 성수면,신고마을
전라북도 진안군 부귀면,신궁마을
전라북도 진안군 주천면,신기마을
전라북도 진안군 부귀면,신기마을
전라북도 진안군 부귀면,신덕(웅치골)마을
전라북도 진안군 마령면,신덕마을
전라북도 진안군 마령면,신동마을
전라북도 진안군 부귀면,신리마을
전라북도 진안군 백운면,신마마을
전라북도 진안군 백운면,신전마을
전라북도 진안군 마령면,안방마을
전라북도 진안군 주천면,안정마을
전라북도 진안군 부귀면,야곡마을
전라북도 진안군 주천면,양지마을
전라북도 진안군 상전면,양지마을
전라북도 진안군 성수면,양화마을
전라북도 진안군 진안읍,어은동마을
전라북도 진안군 주천면,어자마을
전라북도 진안군 진안읍,언건마을
전라북도 진안군 진안읍,연구1동마을
전라북도 진안군 진안읍,연구2동마을
전라북도 진안군 성수면,염북마을
전라북도 진안군 진안읍,예리마을
전라북도 진안군 마령면,오동마을
전라북도 진안군 부귀면,오복마을
전라북도 진안군 부귀면,오산마을
전라북도 진안군 백운면,오정마을
전라북도 진안군 용담면,옥거마을
전라북도 진안군 용담면,옥수마을
전라북도 진안군 용담면,와룡마을
전라북도 진안군 진안읍,외사양마을
전라북도 진안군 상전면,외송마을
전라북도 진안군 진안읍,외오천마을
전라북도 진안군 진안읍,외후사동마을
전라북도 진안군 진안읍,용대마을
전라북도 진안군 동향면,용암마을
전라북도 진안군 정천면,용정마을
전라북도 진안군 진안읍,용지마을
전라북도 진안군 상전면,용평마을
전라북도 진안군 부귀면,우정마을
전라북도 진안군 진안읍,우화1마을
전라북도 진안군 진안읍,우화2마을
전라북도 진안군 진안읍,우화5마을
전라북도 진안군 진안읍,우화6마을
전라북도 진안군 부귀면,운장마을
전라북도 진안군 상전면,원가막마을
전라북도 진안군 마령면,원강정마을
전라북도 진안군 백운면,원노마을
전라북도 진안군 진안읍,원단양마을
전라북도 진안군 백운면,원덕마을
전라북도 진안군 성수면,원도통마을
전라북도 진안군 마령면,원동촌마을
전라북도 진안군 백운면,원반마을
전라북도 진안군 진안읍,원반월마을
전라북도 진안군 백운면,원산마을
전라북도 진안군 부귀면,원세동마을
전라북도 진안군 상전면,원수동마을
전라북도 진안군 백운면,원신암마을
전라북도 진안군 진안읍,원연장마을
전라북도 진안군 성수면,원외궁마을
전라북도 진안군 백운면,원운마을
전라북도 진안군 정천면,원월평마을
전라북도 진안군 성수면,원좌산마을
전라북도 진안군 상전면,원주평마을
전라북도 진안군 백운면,원촌마을
전라북도 진안군 마령면,원평지마을
전라북도 진안군 용담면,월계마을
전라북도 진안군 마령면,월운마을
전라북도 진안군 백운면,윤기마을
전라북도 진안군 안천면,율현마을
전라북도 진안군 진안읍,은천마을
전라북도 진안군 부귀면,이랑교육마을
전라북도 진안군 백운면,임신마을
전라북도 진안군 주천면,장등마을
전라북도 진안군 안천면,장등마을
전라북도 진안군 성수면,장성마을
전라북도 진안군 부귀면,장승마을
전라북도 진안군 마령면,장재마을
전라북도 진안군 동향면,장전마을
전라북도 진안군 부귀면,적천마을
전라북도 진안군 백운면,정송마을
전라북도 진안군 정천면,정자동마을
전라북도 진안군 진안읍,정주마을
전라북도 진안군 정천면,조림마을
전라북도 진안군 정천면,조포마을
전라북도 진안군 백운면,주천마을
전라북도 진안군 부귀면,중궁마을
전라북도 진안군 상전면,중기마을
전라북도 진안군 성수면,중길마을
전라북도 진안군 동향면,중노마을
전라북도 진안군 주천면,중리마을
전라북도 진안군 안천면,중리마을
전라북도 진안군 백운면,중백마을
전라북도 진안군 주천면,중사마을
전라북도 진안군 진안읍,중앙2동마을
전라북도 진안군 용담면,중앙마을
전라북도 진안군 성수면,중평마을
전라북도 진안군 성수면,증자마을
전라북도 진안군 성수면,지동마을
전라북도 진안군 안천면,지사(신괴)마을
전라북도 진안군 상전면,지사마을
전라북도 진안군 부귀면,진상마을
전라북도 진안군 동향면,창촌마을
전라북도 진안군 주천면,처사마을
전라북도 진안군 동향면,천반산구리마을
전라북도 진안군 동향면,추동마을
전라북도 진안군 마령면,추동마을
전라북도 진안군 진안읍,탄곡마을
전라북도 진안군 마령면,판치마을
전라북도 진안군 마령면,평산마을
전라북도 진안군 진안읍,평촌마을
전라북도 진안군 성수면,포동마을
전라북도 진안군 진안읍,하가막마을
전라북도 진안군 부귀면,하곡마을
전라북도 진안군 부귀면,하금마을
전라북도 진안군 동향면,하노마을
전라북도 진안군 안천면,하리마을
전라북도 진안군 백운면,하미마을
전라북도 진안군 동향면,하양지마을
전라북도 진안군 정천면,하초마을
전라북도 진안군 진안읍,하평마을
전라북도 진안군 동향면,하향마을
전라북도 진안군 정천면,학동마을
전라북도 진안군 진안읍,학천1마을
전라북도 진안군 진안읍,학천2마을
전라북도 진안군 정천면,항가동마을
전라북도 진안군 용담면,호계1마을
전라북도 진안군 용담면,호계마을
전라북도 진안군 동향면,호천마을
전라북도 진안군 진안읍,활인동
전라북도 진안군 부귀면,황금권역
전라북도 진안군 용담면,회룡1마을
전라북도 진안군 용담면,회룡마을
전라북도 진안군 상전면,회사마을
전라북도 진안군 부귀면,회신마을
전라북도 진안군 상전면,후가막마을
전라북도 무주군 무주읍,가림마을
전라북도 무주군 안성면,갈마마을
전라북도 무주군 적상면,괴목마을
전라북도 무주군 안성면,궁대마을
전라북도 무주군 무풍면,금척마을
전라북도 무주군 설천면,기곡(호롱불)마을
전라북도 무주군 적상면,길왕마을
전라북도 무주군 설천면,내복마을
전라북도 무주군 적상면,내창마을
전라북도 무주군 안성면,덕곡마을
전라북도 무주군 안성면,도촌마을
전라북도 무주군 안성면,도치마을
전라북도 무주군 안성면,두문마을
전라북도 무주군 적상면,마산마을
전라북도 무주군 안성면,마암마을
전라북도 무주군 안성면,명천(물숲)마을
전라북도 무주군 무풍면,미항마을
전라북도 무주군 부남면,부남슬로공동체
전라북도 무주군 안성면,사교마을
전라북도 무주군 무주읍,산의마을
전라북도 무주군 설천면,삼공마을
전라북도 무주군 설천면,삼도봉권역
전라북도 무주군 부남면,상굴암마을
전라북도 무주군 무풍면,상덕마을
전라북도 무주군 안성면,상이목마을
전라북도 무주군 부남면,상평당마을
전라북도 무주군 설천면,상평마을
전라북도 무주군 무주읍,서면마을
전라북도 무주군 적상면,성도마을
전라북도 무주군 안성면,수락마을
전라북도 무주군 설천면,신길마을
전라북도 무주군 적상면,신대마을
전라북도 무주군 안성면,신무마을
전라북도 무주군 안성면,신촌마을
전라북도 무주군 무주읍,앞섬(전도)마을
전라북도 무주군 적상면,여원마을
전라북도 무주군 안성면,오동마을
전라북도 무주군 안성면,오천마을
전라북도 무주군 안성면,외당마을
전라북도 무주군 설천면,외북마을
전라북도 무주군 안성면,용추마을
전라북도 무주군 무풍면,원평마을
전라북도 무주군 무주읍,유속마을
전라북도 무주군 부남면,율소마을
전라북도 무주군 무주읍,율속마을
전라북도 무주군 무풍면,율오마을
전라북도 무주군 적상면,이동마을
전라북도 무주군 무주읍,잠두마을
전라북도 무주군 안성면,장내마을
전라북도 무주군 부남면,장안마을
전라북도 무주군 안성면,죽장(솔다박)마을
전라북도 무주군 적상면,중가마을
전라북도 무주군 안성면,중산마을
전라북도 무주군 안성면,진원(진도)마을
전라북도 무주군 무풍면,철목(무풍승지)마을
전라북도 무주군 적상면,초리마을
전라북도 무주군 무주읍,추동마을
전라북도 무주군 적상면,치목마을
전라북도 무주군 안성면,통안마을
전라북도 무주군 안성면,평장마을
전라북도 무주군 무주읍,평촌마을
전라북도 무주군 적상면,하가마을
전라북도 무주군 설천면,하두마을
전라북도 무주군 부남면,하평당마을
전라북도 무주군 무주읍,후도(뒷섬)마을
전라북도 장수군 계남면,고정마을
전라북도 장수군 계남면,곡리마을
전라북도 장수군 천천면,광산마을
전라북도 장수군 천천면,구신마을
전라북도 장수군 산서면,구암마을
전라북도 장수군 산서면,구창마을
전라북도 장수군 번암면,국포(하북)마을
전라북도 장수군 계남면,궁평마을
전라북도 장수군 번암면,금천마을
전라북도 장수군 장계면,남산마을
전라북도 장수군 천천면,내기마을
전라북도 장수군 계북면,내림마을
전라북도 장수군 장수읍,농원마을
전라북도 장수군 장수읍,대덕마을
전라북도 장수군 산서면,대창마을
전라북도 장수군 계남면,덕곡마을
전라북도 장수군 장계면,도장마을
전라북도 장수군 산서면,동고마을
전라북도 장수군 장계면,동동마을
전라북도 장수군 번암면,두동마을
전라북도 장수군 산서면,마평마을
전라북도 장수군 계북면,무병장수(양악)마을
전라북도 장수군 계북면,문성마을
전라북도 장수군 장계면,문화마을
전라북도 장수군 천천면,박곡마을
전라북도 장수군 계북면,백암마을
전라북도 장수군 장수읍,별헤는마을
전라북도 장수군 산서면,봉서마을
전라북도 장수군 계남면,사곡마을
전라북도 장수군 산서면,사창마을
전라북도 장수군 번암면,상동마을
전라북도 장수군 번암면,상북마을
전라북도 장수군 장수읍,상평마을
전라북도 장수군 산서면,서원마을
전라북도 장수군 장계면,성곡마을
전라북도 장수군 번암면,성암마을
전라북도 장수군 장수읍,송학골마을
전라북도 장수군 장수읍,수분마을
전라북도 장수군 번암면,수척마을
전라북도 장수군 계북면,신기마을
전라북도 장수군 산서면,신월마을
전라북도 장수군 천천면,양명동마을
전라북도 장수군 장계면,양삼마을
전라북도 장수군 계남면,양지마을
전라북도 장수군 장계면,양천마을
전라북도 장수군 계북면,어전마을
전라북도 장수군 계북면,연동마을
전라북도 장수군 산서면,오산권역
전라북도 장수군 산서면,왕곡마을
전라북도 장수군 장수읍,용계마을
전라북도 장수군 천천면,용신마을
전라북도 장수군 산서면,용암마을
전라북도 장수군 천천면,운곡마을
전라북도 장수군 장계면,원금곡마을
전라북도 장수군 장계면,원무농마을
전라북도 장수군 계남면,원장안마을
전라북도 장수군 계북면,원촌마을
전라북도 장수군 계남면,원호덕마을
전라북도 장수군 산서면,원흥마을
전라북도 장수군 계북면,월현(매산청품)마을
전라북도 장수군 장계면,위동마을
전라북도 장수군 장계면,육십령권역
전라북도 장수군 계남면,음신마을
전라북도 장수군 산서면,이룡마을
전라북도 장수군 천천면,장척마을
전라북도 장수군 장계면,주촌(논개생가)마을
전라북도 장수군 천천면,중상마을
전라북도 장수군 장계면,침동마을
전라북도 장수군 장수읍,팔공권역(안양)마을
전라북도 장수군 장계면,평지마을
전라북도 장수군 계남면,평지마을
전라북도 장수군 장수읍,필덕마을
전라북도 장수군 계남면,하늘소마을
전라북도 장수군 장수읍,하리마을
전라북도 장수군 산서면,하오마을
전라북도 장수군 장수읍,하평마을
전라북도 장수군 장계면,호덕마을
전라북도 군산시 나포면,군둔마을
전라북도 군산시 성산면,기린마을
전라북도 군산시 성산면,깐치멀마을
전라북도 군산시 옥산면,남내마을
전라북도 군산시 옥서면,남동마을
전라북도 군산시 개정면,대방마을
전라북도 군산시 회현면,대위마을
전라북도 군산시 옥구읍,둔산마을
전라북도 군산시 나포면,등동마을
전라북도 군산시 나포면,뜰아름마을
전라북도 군산시 옥도면,선유도마을
전라북도 군산시 성산면,수심마을
전라북도 군산시 옥도면,신시도마을
전라북도 군산시 서수면,신장마을
전라북도 군산시 서수면,아이마을
전라북도 군산시 대야면,안정마을
전라북도 군산시 옥구읍,양등마을
전라북도 군산시 옥구읍,오산마을
전라북도 군산시 회현면,오산촌마을
전라북도 군산시 회현면,용화마을
전라북도 군산시 옥산면,우동마을
전라북도 군산시 옥구읍,우치산마을
전라북도 군산시 나포면,원나포마을
전라북도 군산시 나포면,원부곡마을
전라북도 군산시 개정면,원아산마을
전라북도 군산시 회현면,월평2구마을
전라북도 군산시 옥도면,장자도마을
전라북도 군산시 미성동,장전마을
전라북도 군산시 성산면,창암마을
전라북도 군산시 옥구읍,척동마을
전라북도 군산시 회현면,풍신마을
전라북도 군산시 신관동,해성8구마을
전라북도 임실군 덕치면,가곡마을
전라북도 임실군 강진면,갈담마을
전라북도 임실군 임실읍,감성마을
전라북도 임실군 덕치면,강변사리마을(천담마을)
전라북도 임실군 강진면,강서마을
전라북도 임실군 임실읍,고산마을
전라북도 임실군 지사면,관기마을
전라북도 임실군 오수면,관월마을
전라북도 임실군 관촌면,관촌1구마을
전라북도 임실군 삼계면,괘평마을
전라북도 임실군 덕치면,구담마을
전라북도 임실군 신덕면,금정마을
전라북도 임실군 지사면,금평마을
전라북도 임실군 오수면,내동마을
전라북도 임실군 오수면,냉천마을
전라북도 임실군 성수면,당당마을
전라북도 임실군 신평면,대리마을
전라북도 임실군 오수면,대정마을
전라북도 임실군 성수면,대판마을
전라북도 임실군 오수면,동촌마을
전라북도 임실군 임실읍,두만마을
전라북도 임실군 삼계면,두월마을
전라북도 임실군 오수면,둔기마을
전라북도 임실군 오수면,둔데기(둔덕)마을
전라북도 임실군 관촌면,막동마을
전라북도 임실군 덕치면,망월마을
전라북도 임실군 청웅면,명동마을
전라북도 임실군 강진면,문방마을
전라북도 임실군 신덕면,물염마을
전라북도 임실군 삼계면,박사골마을
전라북도 임실군 청웅면,발산마을
전라북도 임실군 신덕면,방길마을
전라북도 임실군 관촌면,방동마을
전라북도 임실군 오수면,방축마을
전라북도 임실군 삼계면,법촌마을
전라북도 임실군 관촌면,병암마을
전라북도 임실군 오수면,봉산마을
전라북도 임실군 관촌면,사선녀마을
전라북도 임실군 삼계면,삼계마을
전라북도 임실군 삼계면,삼은마을
전라북도 임실군 임실읍,상동행복마을
전라북도 임실군 오수면,상신마을
전라북도 임실군 운암면,상운마을
전라북도 임실군 관촌면,상월마을
전라북도 임실군 강진면,상필마을(필봉굿마을)
전라북도 임실군 임실읍,샛터마을
전라북도 임실군 운암면,선거마을
전라북도 임실군 지사면,선원마을
전라북도 임실군 신덕면,수반마을
전라북도 임실군 성수면,수천마을
전라북도 임실군 청웅면,수풍마을
전라북도 임실군 관촌면,슬치마을
전라북도 임실군 삼계면,신기마을
전라북도 임실군 관촌면,신병암마을
전라북도 임실군 관촌면,신전(다락골)마을
전라북도 임실군 지사면,안하마을
전라북도 임실군 덕치면,양지마을
전라북도 임실군 청웅면,양지마을
전라북도 임실군 지사면,영천(십이연주)마을
전라북도 임실군 오수면,오동마을
전라북도 임실군 삼계면,오지마을
전라북도 임실군 지사면,옥산마을
전라북도 임실군 강진면,옥정마을
전라북도 임실군 성수면,왕방힐링(원증)마을
전라북도 임실군 지사면,원산마을
전라북도 임실군 관촌면,월은마을
전라북도 임실군 삼계면,음지마을
전라북도 임실군 임실읍,정월(음지)마을
전라북도 임실군 신덕면,조월마을
전라북도 임실군 오수면,주천마을
전라북도 임실군 청웅면,주치마을
전라북도 임실군 삼계면,죽계마을
전라북도 임실군 신평면,죽치마을
전라북도 임실군 임실읍,중금마을
전라북도 임실군 청웅면,중산마을
전라북도 임실군 덕치면,천담마을
전라북도 임실군 청웅면,청계마을
전라북도 임실군 운암면,청운마을
전라북도 임실군 임실읍,치즈마을
전라북도 임실군 성수면,평지마을
전라북도 임실군 관촌면,하상마을
전라북도 임실군 운암면,학암마을
전라북도 임실군 삼계면,학정마을
전라북도 임실군 오수면,한암마을
전라북도 임실군 삼계면,화촌마을
전라북도 임실군 관촌면,황두마을
전라북도 임실군 덕치면,회문마을
전라북도 임실군 성수면,효촌마을
전라북도 임실군 성수면,후천마을
전라북도 임실군 성수면,후촌마을
